{"auc": [0.958531715558286, 0.9774709302325582, 0.9826278659611993, 0.9713432353890862, 0.9651573066745074, 0.9343181818181818, 0.9553655327945875, 0.9708255741775295, 0.9858083093377211, 0.9956936045446216, 0.9697142256488279], "acc": [0.9575, 0.9555555555555556, 0.9618320610687023, 0.9449275362318841, 0.9496021220159151, 0.9450171821305842, 0.9484848484848485, 0.9521276595744681, 0.9438943894389439, 0.9497041420118343, 0.9508645496512736], "pre": [0.41025641025641024, 0.375, 0.40625, 0.5909090909090909, 0.3, 0.4642857142857143, 0.4166666666666667, 0.5, 0.4594594594594595, 0.5862068965517241, 0.45090342381290655], "recall": [0.9411764705882353, 0.9375, 0.8666666666666667, 0.6842105263157895, 0.9473684210526315, 0.8125, 0.8823529411764706, 0.9444444444444444, 1.0, 1.0, 0.9016219470244238], "prc-auc": [0.5416472507926776, 0.7283017176605631, 0.7316963702935065, 0.7607119948097427, 0.6316960138633221, 0.7401784541982664, 0.7178140410058769, 0.8415005211983677, 0.7653479660096287, 0.9259473235129547, 0.7384841653344907]}