{"auc": [0.9658012283640425, 0.9431746031746032, 0.9541373117833954, 0.9883680555555556, 0.9633116883116883, 0.9646911396137402, 0.9755166217430369, 0.952029826014913, 0.9296918767507003, 0.974391057724391, 0.9611113409036067], "acc": [0.9567307692307693, 0.9345794392523364, 0.9525, 0.9467455621301775, 0.9408602150537635, 0.949468085106383, 0.9380530973451328, 0.9543010752688172, 0.9487951807228916, 0.9487179487179487, 0.947075137282822], "pre": [0.2191780821917808, 0.45161290322580644, 0.25, 0.5151515151515151, 0.5405405405405406, 0.40476190476190477, 0.4222222222222222, 0.2857142857142857, 0.34285714285714286, 0.37209302325581395, 0.38041316199210123], "recall": [0.8888888888888888, 0.6666666666666666, 0.8421052631578947, 0.9444444444444444, 0.9090909090909091, 0.8947368421052632, 0.9047619047619048, 0.8235294117647058, 0.7058823529411765, 0.8888888888888888, 0.8468995572710742], "prc-auc": [0.6906795580324103, 0.6412609681696844, 0.6485714374440903, 0.7964436091052878, 0.6459111599520211, 0.7263578255586763, 0.7636981627843907, 0.6241133003547334, 0.7030837856150891, 0.7840523431390658, 0.7024172150155449]}