{"auc": [0.9603305785123967, 0.9573724668064291, 0.9264322916666666, 0.922406462585034, 0.7969444444444445, 0.9133333333333333, 0.9692378328741965, 0.9466966966966966, 0.9273504273504274, 0.970703125, 0.9290807659269624], "acc": [0.9236641221374046, 0.9464285714285714, 0.9142857142857143, 0.9230769230769231, 0.847457627118644, 0.9310344827586207, 0.9, 0.9426751592356688, 0.8863636363636364, 0.9090909090909091, 0.9124077145496091], "pre": [0.47058823529411764, 0.21621621621621623, 0.36666666666666664, 0.3055555555555556, 0.625, 0.47058823529411764, 0.5555555555555556, 0.27586206896551724, 0.5833333333333334, 0.5357142857142857, 0.44050801525953653], "recall": [0.8, 0.8888888888888888, 0.9166666666666666, 0.7857142857142857, 0.5555555555555556, 0.8, 0.9090909090909091, 0.8888888888888888, 0.9333333333333333, 0.9375, 0.8415638528138528], "prc-auc": [0.6282236069300386, 0.661113916522188, 0.554292778810242, 0.6329793080749634, 0.6206978140195332, 0.4534823801929065, 0.8545564580992389, 0.5766137215855852, 0.658537058828178, 0.7093311200806847, 0.6349828163143558]}