{"auc": [0.8995549904640814, 0.9814625850340135, 0.9775086505190311, 0.9668856048166393, 0.960838389409818, 0.9304878048780487, 0.936063936063936, 0.9253638253638254, 0.8162595698140723, 0.9645161290322581, 0.9358941485395723], "acc": [0.9490196078431372, 0.953307392996109, 0.9166666666666666, 0.9490909090909091, 0.9487179487179487, 0.9276018099547512, 0.9467213114754098, 0.9343434343434344, 0.9419642857142857, 0.9353448275862069, 0.9402778194388859], "pre": [0.4090909090909091, 0.2972972972972973, 0.5769230769230769, 0.5238095238095238, 0.4074074074074074, 0.5, 0.34615384615384615, 0.36666666666666664, 0.3333333333333333, 0.41935483870967744, 0.4180036899391738], "recall": [0.6923076923076923, 0.9166666666666666, 0.8823529411764706, 0.7857142857142857, 0.7857142857142857, 0.8125, 0.6923076923076923, 0.8461538461538461, 0.6923076923076923, 0.8666666666666667, 0.7972691769015299], "prc-auc": [0.668211213941126, 0.8322975596044081, 0.8632768564930284, 0.678137750975242, 0.6854799549624744, 0.6591198879871075, 0.5781656253665984, 0.6504427116239515, 0.43065887150435683, 0.6042520287688165, 0.665004246122711]}