{"auc": [0.9872754491017963, 0.9190839694656489, 0.9672131147540983, 0.9878151260504201, 0.9597191426459719, 0.8235602094240837, 0.9182170542635659, 0.9575657894736842, 0.8744117647058824, 0.9848039215686275, 0.9379665541453779], "acc": [0.9329608938547486, 0.9290780141843972, 0.9481865284974094, 0.9224806201550387, 0.917910447761194, 0.9502487562189055, 0.9280575539568345, 0.9382716049382716, 0.9444444444444444, 0.9107142857142857, 0.932235314972553], "pre": [0.4, 0.36363636363636365, 0.3, 0.5555555555555556, 0.5714285714285714, 0.2, 0.3333333333333333, 0.4, 0.22727272727272727, 0.5555555555555556, 0.3906782106782106], "recall": [1.0, 0.8, 0.9, 1.0, 0.7272727272727273, 0.7, 0.8, 1.0, 0.5, 1.0, 0.8427272727272728], "prc-auc": [0.8455938706761076, 0.702618104747055, 0.6524317973692974, 0.7962393162393162, 0.8325569623213936, 0.4253746770917845, 0.6679171296539718, 0.564978198130372, 0.45814014380390766, 0.8332553557553558, 0.6779105555788563]}