{"auc": [0.9786647837403777, 0.9735135135135136, 0.963376404923924, 0.9797699649237296, 0.9680633147113593, 0.9560491246407108, 0.9639576457645764, 0.9791497564935066, 0.9536574693709461, 0.9197193780811528, 0.9635921356163797], "acc": [0.9595854922279793, 0.9625126646403243, 0.9589178356713427, 0.9562899786780383, 0.9551760939167556, 0.9539121114683816, 0.9472450175849941, 0.9531914893617022, 0.9525350593311759, 0.9512987012987013, 0.9550664444179396], "pre": [0.3711340206185567, 0.37777777777777777, 0.33035714285714285, 0.578125, 0.3854166666666667, 0.4430379746835443, 0.4020618556701031, 0.4523809523809524, 0.31496062992125984, 0.1337579617834395, 0.3789009982359443], "recall": [0.9230769230769231, 0.918918918918919, 0.9024390243902439, 0.9024390243902439, 0.8809523809523809, 0.813953488372093, 0.8666666666666667, 0.8636363636363636, 0.9090909090909091, 0.9333333333333333, 0.8914507032828076], "prc-auc": [0.595519357524143, 0.5890497842292379, 0.6096230924622115, 0.7270557222671804, 0.6662138890686199, 0.6188784460802581, 0.651569417777574, 0.7398412774028632, 0.4824873835919054, 0.49628265709221764, 0.6176521027496211]}