{"auc": [0.9636953955135773, 0.9665427509293681, 0.9752545248868779, 0.9793416190796104, 0.9172749391727494, 0.8353727945361411, 0.9662001897533207, 0.6484716157205239, 0.930672268907563, 0.9857894736842105, 0.9168615572183942], "acc": [0.9453125, 0.950530035335689, 0.9543859649122807, 0.9462809917355371, 0.9383561643835616, 0.9471698113207547, 0.9358490566037736, 0.9308943089430894, 0.951048951048951, 0.929368029739777, 0.9429195814023414], "pre": [0.34210526315789475, 0.375, 0.4230769230769231, 0.375, 0.4358974358974359, 0.32432432432432434, 0.45161290322580644, 0.10227272727272728, 0.24528301886792453, 0.5142857142857142, 0.358885831010875], "recall": [0.9285714285714286, 0.8571428571428571, 0.8461538461538461, 0.9230769230769231, 0.9444444444444444, 0.8571428571428571, 0.8235294117647058, 0.5294117647058824, 0.9285714285714286, 0.9473684210526315, 0.8585413382627005], "prc-auc": [0.5995734054838218, 0.7145072228869339, 0.6380099054583107, 0.7140642982748244, 0.47979734110191785, 0.3432433231963626, 0.7148237035301874, 0.14312356186533243, 0.6763580733962986, 0.824324588571627, 0.5847825423765617]}