{"auc": [0.9536048552208248, 0.9386574074074073, 0.9722985347985348, 0.9649323621227889, 0.9748256880733944, 0.9231323722149409, 0.949398043641836, 0.98423721340388, 0.8895694696511394, 0.9741708629970481, 0.9524826809531796], "acc": [0.9528985507246377, 0.9432314410480349, 0.9512195121951219, 0.9375, 0.956140350877193, 0.9511343804537522, 0.9365750528541226, 0.9455252918287937, 0.938671209540034, 0.9445628997867804, 0.9457458689308471], "pre": [0.3283582089552239, 0.44, 0.34285714285714286, 0.5272727272727272, 0.28205128205128205, 0.44680851063829785, 0.5909090909090909, 0.4642857142857143, 0.3146067415730337, 0.5476190476190477, 0.42847684661615604], "recall": [0.8461538461538461, 0.8461538461538461, 0.8571428571428571, 0.9354838709677419, 0.88, 0.75, 0.8666666666666667, 0.9285714285714286, 0.7777777777777778, 0.8846153846153846, 0.8572565678049548], "prc-auc": [0.6815389328722333, 0.5573616984126042, 0.7673717277428189, 0.731176949872488, 0.7305643587972581, 0.6783795339244593, 0.7734099796125169, 0.7360984870682976, 0.6500733800949343, 0.8347150610711588, 0.7140690109468769]}