{"auc": [0.9122055674518202, 0.9773995535714286, 0.9065843942825901, 0.9762220538082607, 0.9537202380952381, 0.9631979695431472, 0.8778787878787879, 0.97347334682861, 0.9003608387799564, 0.965112433862434, 0.9406155184102273], "acc": [0.9530612244897959, 0.9256198347107438, 0.9301801801801802, 0.926208651399491, 0.9459459459459459, 0.9403341288782816, 0.9361702127659575, 0.946058091286307, 0.918918918918919, 0.9391304347826087, 0.9361627623358231], "pre": [0.3050847457627119, 0.5689655172413793, 0.5476190476190477, 0.56, 0.38461538461538464, 0.46938775510204084, 0.4186046511627907, 0.3, 0.42105263157894735, 0.45614035087719296, 0.44314700839594956], "recall": [0.782608695652174, 0.9166666666666666, 0.7419354838709677, 0.9655172413793104, 0.8333333333333334, 0.92, 0.6, 0.9230769230769231, 0.6666666666666666, 0.9285714285714286, 0.827837643921747], "prc-auc": [0.6293200221385592, 0.7280503235987329, 0.6952255333678606, 0.7067754355006592, 0.6862334180731908, 0.7286384388355643, 0.4663776469035451, 0.7067821087678563, 0.5500733030020625, 0.8237185302248894, 0.6721194760412921]}